Date,Open,High,Low,Close,Adj Close,Volume,change_tomorrow,change_tomorrow_direction
2022-05-24,182.0,184.0,177.1699981689453,180.33999633789062,180.33999633789062,7706400,3.9876512911398487,UP
2022-05-25,180.27999877929688,188.8699951171875,180.1699981689453,187.8300018310547,187.8300018310547,8522100,1.8651996756909317,UP
2022-05-26,186.49000549316406,192.33999633789062,183.08999633789062,191.39999389648438,191.39999389648438,8049900,1.9417021863399997,UP
2022-05-27,193.19000244140625,195.25,190.3699951171875,195.19000244140625,195.19000244140625,8586000,1.1395866957952028,UP
2022-05-31,196.17999267578125,199.9499969482422,190.8000030517578,197.44000244140625,197.44000244140625,11398500,-2.348244618372086,DOWN
2022-06-01,198.6999969482422,202.74000549316406,191.66000366210938,192.91000366210938,192.91000366210938,8416200,5.938852646773873,UP
2022-06-02,192.02000427246094,205.47000122070312,191.72000122070312,205.08999633789062,205.08999633789062,9623100,-3.0706607405489805,DOWN
2022-06-03,200.13999938964844,202.9499969482422,198.0500030517578,198.97999572753906,198.97999572753906,7191800,-0.9333450053704562,DOWN
2022-06-06,202.08999633789062,203.8699951171875,195.3800048828125,197.13999938964844,197.13999938964844,5372000,0.7401446131542477,UP
2022-06-07,194.8699951171875,199.60000610351562,193.0,198.61000061035156,198.61000061035156,4839500,2.080560657992858,UP
2022-06-08,197.9499969482422,207.3800048828125,197.63999938964844,202.8300018310547,202.8300018310547,7244100,-5.218652972780435,DOWN
2022-06-09,200.64999389648438,201.69000244140625,192.5399932861328,192.77000427246094,192.77000427246094,6949000,-5.373347381583815,DOWN
2022-06-10,182.63999938964844,185.86000061035156,180.85000610351562,182.94000244140625,182.94000244140625,13065600,-7.808356302296127,DOWN
2022-06-13,177.07000732421875,179.08999633789062,168.9600067138672,169.69000244140625,169.69000244140625,10222400,-1.283281151624216,DOWN
2022-06-14,169.75,172.05999755859375,164.27999877929688,167.5399932861328,167.5399932861328,11555300,6.979072389996044,UP
2022-06-15,169.25999450683594,183.85000610351562,168.52999877929688,180.11000061035156,180.11000061035156,12396000,-3.8996217299232194,DOWN
2022-06-16,174.0,176.27000427246094,171.55999755859375,173.35000610351562,173.35000610351562,8201300,1.2306925365644483,UP
2022-06-17,173.6300048828125,179.64999389648438,173.33999633789062,175.50999450683594,175.50999450683594,12133400,-2.691469630894616,DOWN
2022-06-21,177.60000610351562,178.6199951171875,169.8000030517578,170.91000366210938,170.91000366210938,12177600,4.460839485027601,UP
2022-06-22,170.75,182.82000732421875,170.1999969482422,178.88999938964844,178.88999938964844,11992400,1.5519273677972678,UP
2022-06-23,180.5,182.75999450683594,175.8699951171875,181.7100067138672,181.7100067138672,9538200,4.789100915559297,UP
2022-06-24,183.5,191.19000244140625,181.83999633789062,190.85000610351562,190.85000610351562,12424000,-0.9040957594297128,DOWN
2022-06-27,191.77000427246094,191.77999877929688,182.38999938964844,189.13999938964844,189.13999938964844,8363900,-5.311800090159391,DOWN
2022-06-28,189.1999969482422,192.1999969482422,179.3699951171875,179.60000610351562,179.60000610351562,7185400,-0.6952262216420424,DOWN
2022-06-29,179.5500030517578,180.6699981689453,175.10000610351562,178.36000061035156,178.36000061035156,5766800,-1.9957714820231232,DOWN
2022-06-30,177.07000732421875,179.4499969482422,170.3000030517578,174.8699951171875,174.8699951171875,7894700,2.823007456074489,UP
2022-07-01,176.49000549316406,180.10000610351562,174.27000427246094,179.9499969482422,179.9499969482422,5201600,3.190234440928097,UP
2022-07-05,176.27999877929688,185.9199981689453,172.67999267578125,185.8800048828125,185.8800048828125,7334300,-0.9888119897640157,DOWN
2022-07-06,185.1999969482422,186.22000122070312,180.82000732421875,184.05999755859375,184.05999755859375,5753400,2.752684839784336,UP
2022-07-07,184.27000427246094,190.2100067138672,183.5,189.27000427246094,189.27000427246094,6334500,-1.2247345155889322,DOWN
2022-07-08,186.02000427246094,189.91000366210938,182.75,186.97999572753906,186.97999572753906,5835700,-5.435885637034232,DOWN
2022-07-11,184.72999572753906,184.99000549316406,176.88999938964844,177.33999633789062,177.33999633789062,6038800,-1.6566348181168866,DOWN
2022-07-12,177.3300018310547,179.77999877929688,173.4199981689453,174.4499969482422,174.4499969482422,6845300,1.195061531223307,UP
2022-07-13,170.5,179.17999267578125,169.6999969482422,176.55999755859375,176.55999755859375,12734400,-1.0184224692349142,DOWN
2022-07-14,175.55999755859375,177.52000427246094,171.82000732421875,174.77999877929688,174.77999877929688,9039500,7.57760128221917,UP
2022-07-15,175.5800018310547,189.22000122070312,174.55999755859375,189.11000061035156,189.11000061035156,16319100,0.9480397946537211,UP
2022-07-18,192.5,199.6699981689453,189.8000030517578,190.9199981689453,190.9199981689453,16322800,5.311712768192334,UP
2022-07-19,193.02000427246094,201.97000122070312,188.39999389648438,201.6300048828125,201.6300048828125,28178700,6.842541762862464,UP
2022-07-20,208.1699981689453,216.97000122070312,200.10000610351562,216.44000244140625,216.44000244140625,53920300,3.3232098799089393,UP
2022-07-21,214.3000030517578,224.32000732421875,211.5,223.8800048828125,223.8800048828125,23430100,-1.5605164232025626,DOWN
2022-07-22,222.3800048828125,229.35000610351562,218.44000244140625,220.44000244140625,220.44000244140625,17805500,-0.8832584243692043,DOWN
2022-07-25,221.30999755859375,225.22999572753906,216.35000610351562,218.50999450683594,218.50999450683594,10935200,-2.150432782934586,DOWN
2022-07-26,216.66000366210938,219.38999938964844,211.63999938964844,213.91000366210938,213.91000366210938,9508500,5.662622420238428,UP
2022-07-27,216.47999572753906,227.77999877929688,214.5800018310547,226.75,226.75,10508400,-0.32297837082555514,DOWN
2022-07-28,224.60000610351562,228.10000610351562,219.6699981689453,226.02000427246094,226.02000427246094,8972700,-0.49800373782671326,DOWN
2022-07-29,223.2899932861328,230.75,222.39999389648438,224.89999389648438,224.89999389648438,9064900,0.5791135575358708,UP
2022-08-01,223.10000610351562,228.38999938964844,221.0,226.2100067138672,226.2100067138672,5525000,-2.1633134245024443,DOWN
2022-08-02,222.75999450683594,228.1999969482422,220.8800048828125,221.4199981689453,221.4199981689453,6361300,2.3419916458582546,UP
2022-08-03,224.7899932861328,228.10000610351562,222.4199981689453,226.72999572753906,226.72999572753906,6400700,1.3831533573649413,UP
2022-08-04,227.67999267578125,232.07000732421875,225.0500030517578,229.91000366210938,229.91000366210938,7142700,-1.380194417347469,DOWN
2022-08-05,225.3000030517578,228.6199951171875,222.8699951171875,226.77999877929688,226.77999877929688,5539700,2.8737875523599854,UP
2022-08-08,227.49000549316406,241.9600067138672,226.41000366210938,233.49000549316406,233.49000549316406,10982100,-1.5438823232431842,DOWN
2022-08-09,231.6199951171875,232.1999969482422,224.64999389648438,229.94000244140625,229.94000244140625,6181200,5.804759384505298,UP
2022-08-10,236.99000549316406,244.5399932861328,236.60000610351562,244.11000061035156,244.11000061035156,9254800,-0.5809656694845566,DOWN
2022-08-11,244.67999267578125,251.6199951171875,241.50999450683594,242.6999969482422,242.6999969482422,8780100,2.647415171569567,UP
2022-08-12,244.80999755859375,249.41000366210938,243.75999450683594,249.3000030517578,249.3000030517578,6098500,-0.07627250649941963,DOWN
2022-08-15,248.11000061035156,251.99000549316406,247.50999450683594,249.11000061035156,249.11000061035156,6527400,-1.3919972872159958,DOWN
2022-08-16,247.16000366210938,249.2899932861328,244.02999877929688,245.69000244140625,245.69000244140625,5136800,-1.8826492472857836,DOWN
2022-08-17,241.17999267578125,244.24000549316406,237.55999755859375,241.14999389648438,241.14999389648438,5627200,1.6396803452642605,UP
2022-08-18,241.9600067138672,246.47999572753906,239.27999877929688,245.1699981689453,245.1699981689453,5280400,-1.6627941806031554,DOWN
2022-08-19,240.9499969482422,243.2899932861328,235.67999267578125,241.16000366210938,241.16000366210938,7504700,-6.453611198580145,DOWN
2022-08-22,232.5500030517578,233.47999572753906,224.58999633789062,226.5399932861328,226.5399932861328,8630100,-0.8862125171809954,DOWN
2022-08-23,226.4600067138672,229.89999389648438,224.3000030517578,224.5500030517578,224.5500030517578,5276900,2.20373570190463,UP
2022-08-24,225.66000366210938,234.10000610351562,223.94000244140625,229.61000061035156,229.61000061035156,5426300,1.8676789456292697,UP
2022-08-25,230.24000549316406,234.16000366210938,229.0,233.97999572753906,233.97999572753906,3766900,-4.792187838919992,DOWN
2022-08-26,233.6300048828125,236.9499969482422,223.14999389648438,223.27999877929688,223.27999877929688,5349800,0.5744349213381184,UP
2022-08-29,221.92999267578125,229.8699951171875,221.52000427246094,224.57000732421875,224.57000732421875,7109400,-1.7765753619614522,DOWN
2022-08-30,226.66000366210938,229.7899932861328,218.74000549316406,220.64999389648438,220.64999389648438,5740400,1.3016656351262812,UP
2022-08-31,227.0,233.8800048828125,223.42999267578125,223.55999755859375,223.55999755859375,8615900,2.8168996333950425,UP
2022-09-01,220.72000122070312,230.3699951171875,219.47000122070312,230.0399932861328,230.0399932861328,7292900,-1.7380888351566925,DOWN
2022-09-02,231.02999877929688,233.8800048828125,225.0399932861328,226.11000061035156,226.11000061035156,8164900,-3.5349609607943755,DOWN
2022-09-06,225.58999633789062,226.85000610351562,214.69000244140625,218.38999938964844,218.38999938964844,7469000,4.616529967798333,UP
2022-09-07,220.2100067138672,229.3300018310547,218.27000427246094,228.9600067138672,228.9600067138672,8149300,-0.6683099965462347,DOWN
2022-09-08,224.16000366210938,228.74000549316406,221.3000030517578,227.44000244140625,227.44000244140625,6737400,2.6244828918909224,UP
2022-09-09,229.6199951171875,234.77999877929688,229.6199951171875,233.57000732421875,233.57000732421875,6699600,1.251423274153085,UP
2022-09-12,233.61000061035156,239.49000549316406,233.3699951171875,236.52999877929688,236.52999877929688,6047400,-8.435333738872618,DOWN
2022-09-13,226.5,227.69000244140625,217.72000122070312,218.1300048828125,218.1300048828125,8000100,2.672671053398412,UP
2022-09-14,219.82000732421875,228.0,215.8000030517578,224.1199951171875,224.1199951171875,8230300,4.783757979455805,UP
2022-09-15,230.47000122070312,242.2899932861328,229.10000610351562,235.3800048828125,235.3800048828125,19454100,1.9780951582115236,UP
2022-09-16,231.22000122070312,241.36000061035156,227.8300018310547,240.1300048828125,240.1300048828125,18914200,1.4366046586435477,UP
2022-09-19,245.0500030517578,245.25,235.75,243.6300048828125,243.6300048828125,17912400,-0.3211854065032993,DOWN
2022-09-20,240.3699951171875,250.49000549316406,239.66000366210938,242.85000610351562,242.85000610351562,16037400,-2.524596238273924,DOWN
2022-09-21,242.6699981689453,248.3000030517578,236.67999267578125,236.8699951171875,236.8699951171875,9166800,0.07593669363126221,UP
2022-09-22,235.35000610351562,240.5,231.66000366210938,237.0500030517578,237.0500030517578,10018000,-4.699438725122507,DOWN
2022-09-23,235.13999938964844,236.4499969482422,221.42999267578125,226.41000366210938,226.41000366210938,11207200,-1.0443148397387914,DOWN
2022-09-26,225.60000610351562,232.6999969482422,223.00999450683594,224.07000732421875,224.07000732421875,8234300,0.12925355916558745,UP
2022-09-27,228.6300048828125,230.63999938964844,220.72000122070312,224.36000061035156,224.36000061035156,7762200,8.499182951576312,UP
2022-09-28,229.69000244140625,246.64999389648438,227.3800048828125,245.1999969482422,245.1999969482422,17579700,-2.2902632683700075,DOWN
2022-09-29,241.61000061035156,246.97999572753906,235.67999267578125,239.7100067138672,239.7100067138672,18994900,-1.8136273480219733,DOWN
2022-09-30,237.0,242.44000244140625,233.25999450683594,235.44000244140625,235.44000244140625,11848600,1.5060203086674884,UP
2022-10-03,237.85000610351562,241.5399932861328,232.85000610351562,239.0399932861328,239.0399932861328,8657400,0.7061610734571122,UP
2022-10-04,244.83999633789062,245.8000030517578,233.25,240.74000549316406,240.74000549316406,13925900,-1.693917052336813,DOWN
2022-10-05,238.75999450683594,241.58999633789062,227.3800048828125,236.72999572753906,236.72999572753906,10825600,1.3707226424290786,UP
2022-10-06,236.67999267578125,244.27999877929688,233.91000366210938,240.02000427246094,240.02000427246094,9188900,-6.794217696311877,DOWN
2022-10-07,235.77000427246094,237.3300018310547,224.27999877929688,224.75,224.75,9806100,2.274108976736877,UP
2022-10-10,225.63999938964844,233.8300018310547,224.22999572753906,229.97999572753906,229.97999572753906,9991100,-7.321854931628113,DOWN
2022-10-11,226.0500030517578,230.44000244140625,213.6999969482422,214.2899932861328,214.2899932861328,15282400,2.9791288887218603,UP
2022-10-12,214.3000030517578,223.6699981689453,212.63999938964844,220.8699951171875,220.8699951171875,12952600,5.00623614668152,UP
2022-10-13,212.69000244140625,234.47000122070312,211.72999572753906,232.50999450683594,232.50999450683594,17505000,-1.0913019594938955,DOWN
2022-10-14,237.8000030517578,238.8000030517578,229.50999450683594,230.0,230.0,15293400,6.160753050792778,UP
2022-10-17,234.41000366210938,249.9199981689453,234.39999389648438,245.10000610351562,245.10000610351562,21057800,-1.7603609907911988,DOWN
2022-10-18,249.8000030517578,250.3699951171875,237.72999572753906,240.86000061035156,240.86000061035156,25776700,11.572069794925643,UP
2022-10-19,265.0,279.29998779296875,262.6600036621094,272.3800048828125,272.3800048828125,46685300,-1.5736877845588193,DOWN
2022-10-20,272.7799987792969,278.3800048828125,266.3800048828125,268.1600036621094,268.1600036621094,17207100,7.393722802975777,UP
2022-10-21,268.95001220703125,290.75,265.67999267578125,289.57000732421875,289.57000732421875,24889100,-2.5207983039379878,DOWN
2022-10-24,290.2300109863281,290.489990234375,280.3599853515625,282.45001220703125,282.45001220703125,13326400,2.9448069308524394,UP
2022-10-25,286.95001220703125,297.5899963378906,285.54998779296875,291.0199890136719,291.0199890136719,15100700,2.545042605245895,UP
2022-10-26,290.0400085449219,305.6300048828125,288.0400085449219,298.6199951171875,298.6199951171875,15714100,-0.5657683915836653,DOWN
2022-10-27,298.3299865722656,305.2099914550781,294.7799987792969,296.94000244140625,296.94000244140625,14612600,-0.41255282553329664,DOWN
2022-10-28,297.70001220703125,301.19000244140625,292.2900085449219,295.7200012207031,295.7200012207031,9960500,-1.3156078777757818,DOWN
2022-10-31,295.1300048828125,297.6199951171875,289.5,291.8800048828125,291.8800048828125,7505100,-1.7890165240845635,DOWN
2022-11-01,296.1700134277344,299.70001220703125,286.4200134277344,286.75,286.75,6916400,-5.036630036630041,DOWN
2022-11-02,286.3999938964844,287.3299865722656,272.8399963378906,273.0,273.0,10367600,-1.464358313074099,DOWN
2022-11-03,271.25,276.2900085449219,268.79998779296875,269.05999755859375,269.05999755859375,7057400,-3.171129545880347,DOWN
2022-11-04,272.0199890136719,274.9700012207031,255.32000732421875,260.7900085449219,260.7900085449219,11124700,-0.8468686735179753,DOWN
2022-11-07,261.05999755859375,261.1499938964844,252.08999633789062,258.6000061035156,258.6000061035156,7927000,1.8446768045201178,UP
2022-11-08,259.9200134277344,266.0799865722656,256.8800048828125,263.4599914550781,263.4599914550781,7683800,-3.455582999458695,DOWN
2022-11-09,259.6600036621094,260.8999938964844,254.22000122070312,254.66000366210938,254.66000366210938,7266000,7.386259398636019,UP
2022-11-10,265.989990234375,275.3599853515625,260.0899963378906,274.9700012207031,274.9700012207031,9667300,5.225245030493387,UP
2022-11-11,274.4700012207031,290.6600036621094,271.55999755859375,290.1300048828125,290.1300048828125,9573800,3.0540931153781092,UP
2022-11-14,290.0,311.0,288.19000244140625,299.2699890136719,299.2699890136719,17978200,3.5235405426304545,UP
2022-11-15,309.20001220703125,312.7099914550781,302.54998779296875,310.20001220703125,310.20001220703125,14626900,-1.365931423902067,DOWN
2022-11-16,309.94000244140625,310.489990234375,303.6099853515625,306.0199890136719,306.0199890136719,8038600,-3.6372223918906377,DOWN
2022-11-17,294.7200012207031,299.82000732421875,291.0,295.2799987792969,295.2799987792969,9838200,-2.534893921271264,DOWN
2022-11-18,297.3299865722656,298.0,287.0,287.9800109863281,287.9800109863281,8400100,-1.0278980244992741,DOWN
2022-11-21,291.0,291.8699951171875,282.6600036621094,285.04998779296875,285.04998779296875,7256500,0.5720515659672132,UP
2022-11-22,284.989990234375,286.9800109863281,277.3399963378906,286.69000244140625,286.69000244140625,6245100,1.6500849257611527,UP
2022-11-23,285.9100036621094,292.4700012207031,283.760009765625,291.5,291.5,5919000,-2.087270181663703,DOWN
2022-11-25,289.0,289.2099914550781,284.1700134277344,285.5400085449219,285.5400085449219,3236000,-1.5542180561550767,DOWN
2022-11-28,284.0,289.54998779296875,280.5299987792969,281.1700134277344,281.1700134277344,4703400,-0.0747515586004166,DOWN
2022-11-29,282.5,282.9599914550781,275.94000244140625,280.9599914550781,280.9599914550781,5786900,8.041765922293997,UP
2022-11-30,281.3699951171875,308.260009765625,280.4100036621094,305.5299987792969,305.5299987792969,16070100,3.6030960681190494,UP
2022-12-01,303.989990234375,319.79998779296875,303.0299987792969,316.95001220703125,316.95001220703125,14664900,1.0798637419345058,UP
2022-12-02,310.489990234375,321.989990234375,310.0,320.4100036621094,320.4100036621094,12690600,-2.5016818886826497,DOWN
2022-12-05,316.4599914550781,322.7699890136719,310.9200134277344,312.5899963378906,312.5899963378906,8423000,-2.300693426975431,DOWN
2022-12-06,311.0,313.2200012207031,303.1300048828125,305.55999755859375,305.55999755859375,7195400,0.9273120240657629,UP
2022-12-07,306.5,309.6099853515625,302.1000061035156,308.4200134277344,308.4200134277344,7821600,0.5930497904904297,UP
2022-12-08,309.1099853515625,312.3800048828125,304.80999755859375,310.260009765625,310.260009765625,7205300,3.0467796951541892,UP
2022-12-09,321.45001220703125,329.0,319.5199890136719,320.010009765625,320.010009765625,14364000,-1.5324631011119694,DOWN
2022-12-12,320.0,323.17999267578125,308.8500061035156,315.17999267578125,315.17999267578125,10148600,1.6107896987882397,UP
2022-12-13,328.0,332.7200012207031,317.20001220703125,320.3399963378906,320.3399963378906,10756400,-0.7897334649555665,DOWN
2022-12-14,318.9700012207031,324.7099914550781,314.4200134277344,317.8299865722656,317.8299865722656,7543300,-9.441817624870552,DOWN
2022-12-15,302.1199951171875,303.3900146484375,286.54998779296875,290.4100036621094,290.4100036621094,17724600,0.10319142849795071,UP
2022-12-16,288.760009765625,294.7200012207031,288.70001220703125,290.7099914550781,290.7099914550781,14080000,-0.8359360957864492,DOWN
2022-12-19,289.7300109863281,292.25,286.1300048828125,288.29998779296875,288.29998779296875,6163700,-0.03816418010018641,DOWN
2022-12-20,281.239990234375,289.2799987792969,280.80999755859375,288.19000244140625,288.19000244140625,6918100,3.278960026129829,UP
2022-12-21,289.989990234375,300.6600036621094,286.5,297.9599914550781,297.9599914550781,6376200,-0.07052609742337346,DOWN
2022-12-22,298.0899963378906,298.8800048828125,290.80999755859375,297.75,297.75,7856200,-0.9458938926456995,DOWN
2022-12-23,296.17999267578125,298.4599914550781,291.9100036621094,294.9599914550781,294.9599914550781,4251100,-3.7970149971815026,DOWN
2022-12-27,293.19000244140625,293.57000732421875,282.1300048828125,284.1700134277344,284.1700134277344,5778100,-2.6329126034244865,DOWN
2022-12-28,281.9200134277344,285.19000244140625,273.4100036621094,276.8800048828125,276.8800048828125,5964400,4.891450423610655,UP
2022-12-29,283.17999267578125,295.5,281.010009765625,291.1199951171875,291.1199951171875,9588500,1.2750982444941439,UP
2022-12-30,285.5299987792969,295.010009765625,283.2200012207031,294.8800048828125,294.8800048828125,7566900,0.02373531829847897,UP
2023-01-03,298.05999755859375,298.3900146484375,288.70001220703125,294.95001220703125,294.95001220703125,6764000,4.673407867855861,UP
2023-01-04,298.239990234375,311.1400146484375,295.510009765625,309.4100036621094,309.4100036621094,9345100,0.09364176089473597,UP
2023-01-05,307.0,314.17999267578125,304.54998779296875,309.70001220703125,309.70001220703125,8328400,1.8538982133555537,UP
2023-01-06,311.57000732421875,316.7699890136719,303.69000244140625,315.54998779296875,315.54998779296875,8959800,-0.12056171242367242,DOWN
2023-01-09,316.8299865722656,321.70001220703125,313.2200012207031,315.1700134277344,315.1700134277344,6766600,3.776636378603182,UP
2023-01-10,311.07000732421875,329.3500061035156,311.07000732421875,327.5400085449219,327.5400085449219,13072300,-0.08555850728519943,DOWN
2023-01-11,326.5,328.8800048828125,321.3500061035156,327.260009765625,327.260009765625,9579700,0.8693530047976905,UP
2023-01-12,332.5,332.95001220703125,323.1400146484375,330.1300048828125,330.1300048828125,10856200,0.8082454125979743,UP
2023-01-13,329.9700012207031,336.6499938964844,328.8900146484375,332.82000732421875,332.82000732421875,8286800,-2.0231764081965142,DOWN
2023-01-17,331.0799865722656,332.5,323.6000061035156,326.2200012207031,326.2200012207031,9247000,0.033703722026212635,UP
2023-01-18,326.75,330.0799865722656,321.25,326.3299865722656,326.3299865722656,7814100,-3.3409297085792655,DOWN
2023-01-19,322.57000732421875,324.8900146484375,313.3900146484375,315.7799987792969,315.7799987792969,18008200,7.801460210424271,UP
2023-01-20,336.7900085449219,344.0,332.6300048828125,342.5,342.5,28430300,4.174364296125521,UP
2023-01-23,341.7200012207031,362.25,340.6300048828125,357.4200134277344,357.4200134277344,15646900,1.761804518896648,UP
2023-01-24,357.5299987792969,365.6499938964844,355.1400146484375,363.8299865722656,363.8299865722656,11796500,1.1224059622571003,UP
2023-01-25,360.57000732421875,368.8999938964844,358.5,367.9599914550781,367.9599914550781,7766900,-0.8468759775377421,DOWN
2023-01-26,368.7699890136719,369.0199890136719,361.70001220703125,364.8699951171875,364.8699951171875,8256800,-1.1364598576297569,DOWN
2023-01-27,363.20001220703125,365.9200134277344,360.5899963378906,360.7699890136719,360.7699890136719,6703500,-2.169296813989252,DOWN
2023-01-30,358.44000244140625,360.95001220703125,352.8599853515625,353.1099853515625,353.1099853515625,5127600,0.21194823688664988,UP
2023-01-31,349.9800109863281,355.95001220703125,348.7099914550781,353.8599853515625,353.8599853515625,5660700,2.245919805005836,UP
2023-02-01,353.8599853515625,365.3900146484375,349.9100036621094,361.989990234375,361.989990234375,8005200,1.335556765903756,UP
2023-02-02,365.1600036621094,368.32000732421875,358.42999267578125,366.8900146484375,366.8900146484375,7857000,-0.27057140433657256,DOWN
2023-02-03,359.0799865722656,379.42999267578125,359.0,365.8999938964844,365.8999938964844,9402000,-1.2227461480085688,DOWN
2023-02-06,363.6400146484375,368.45001220703125,360.67999267578125,361.4800109863281,361.4800109863281,4994900,0.40501478750870623,UP
2023-02-07,358.510009765625,364.17999267578125,354.17999267578125,362.95001220703125,362.95001220703125,6289400,1.057703706692481,UP
2023-02-08,360.0199890136719,368.19000244140625,358.30999755859375,366.8299865722656,366.8299865722656,6253200,-1.194479054418096,DOWN
2023-02-09,372.4100036621094,373.8299865722656,361.739990234375,362.5,362.5,6901100,-4.35859491216708,DOWN
2023-02-10,359.1600036621094,362.1400146484375,347.1400146484375,347.3599853515625,347.3599853515625,7291100,3.126313340122766,UP
2023-02-13,349.5,359.70001220703125,344.25,358.57000732421875,358.57000732421875,7134400,0.3861496176951751,UP
2023-02-14,357.54998779296875,363.75,353.3999938964844,359.9599914550781,359.9599914550781,4624800,0.4039682138266998,UP
2023-02-15,356.6300048828125,362.8800048828125,354.239990234375,361.4200134277344,361.4200134277344,3966000,-3.053811477745727,DOWN
2023-02-16,355.0,361.5,350.30999755859375,350.7099914550781,350.7099914550781,5215700,-0.7903207459283523,DOWN
2023-02-17,347.9100036621094,349.0,342.44000244140625,347.9599914550781,347.9599914550781,5294700,-3.099256727430566,DOWN
2023-02-21,342.8500061035156,344.1300048828125,336.4200134277344,337.5,337.5,5710300,-0.7823683346231292,DOWN
2023-02-22,337.5,341.9100036621094,332.82000732421875,334.8800048828125,334.8800048828125,4546200,-3.4698010808305257,DOWN
2023-02-23,331.2300109863281,331.2799987792969,314.29998779296875,323.6499938964844,323.6499938964844,13238700,-2.049503429005761,DOWN
2023-02-24,319.29998779296875,321.5,314.5199890136719,317.1499938964844,317.1499938964844,6830700,1.8202658901750768,UP
2023-02-27,323.8699951171875,330.0,322.1199951171875,323.0299987792969,323.0299987792969,6142600,-0.2793884092889165,DOWN
2023-02-28,323.70001220703125,327.6199951171875,321.1700134277344,322.1300048828125,322.1300048828125,3676100,-2.7593446450598913,DOWN
2023-03-01,321.54998779296875,326.6000061035156,312.3599853515625,313.4800109863281,313.4800109863281,4911300,-0.5130197763453248,DOWN
2023-03-02,310.9599914550781,315.57000732421875,310.3800048828125,311.8800048828125,311.8800048828125,4911000,1.0470169013435338,UP
2023-03-03,315.45001220703125,317.489990234375,310.82000732421875,315.17999267578125,315.17999267578125,5953300,-1.0095163634290305,DOWN
2023-03-06,317.0,323.29998779296875,311.8399963378906,312.0299987792969,312.0299987792969,5660700,-1.1540822590546451,DOWN
2023-03-07,312.67999267578125,314.29998779296875,306.6199951171875,308.4700012207031,308.4700012207031,4553100,1.0648215892846369,UP
2023-03-08,309.2900085449219,311.8299865722656,305.75,311.7900085449219,311.7900085449219,3479500,-4.7048189344673474,DOWN
2023-03-09,312.0799865722656,312.510009765625,294.8800048828125,297.7799987792969,297.7799987792969,7443400,-1.7147113151453786,DOWN
2023-03-10,297.8999938964844,298.7900085449219,289.0,292.760009765625,292.760009765625,5759300,0.2555279121822407,UP
2023-03-13,287.3399963378906,299.239990234375,285.3299865722656,293.510009765625,293.510009765625,6292400,0.48484188782270676,UP
2023-03-14,295.9700012207031,297.45001220703125,290.30999755859375,294.94000244140625,294.94000244140625,5956700,2.9131985432651164,UP
2023-03-15,292.510009765625,306.30999755859375,292.2799987792969,303.7900085449219,303.7900085449219,9215300,2.022185726324466,UP
2023-03-16,304.75,316.6000061035156,301.7099914550781,310.05999755859375,310.05999755859375,7903700,-2.161448948465816,DOWN
2023-03-17,310.05999755859375,310.760009765625,300.0,303.5,303.5,6918800,0.5342001300195021,UP
2023-03-20,299.7900085449219,307.5,296.0,305.1300048828125,305.1300048828125,5113400,0.21583558771260947,UP
2023-03-21,306.32000732421875,307.9200134277344,300.42999267578125,305.7900085449219,305.7900085449219,4886300,-4.045598807540407,DOWN
2023-03-22,306.30999755859375,306.45001220703125,293.5400085449219,293.8999938964844,293.8999938964844,5808000,8.262322197501891,UP
2023-03-23,304.67999267578125,322.7799987792969,304.1400146484375,320.3699951171875,320.3699951171875,15653300,2.4422239329767503,UP
2023-03-24,320.6300048828125,331.8299865722656,320.6300048828125,328.3900146484375,328.3900146484375,12991700,-0.22279526892787782,DOWN
2023-03-27,327.54998779296875,336.44000244140625,324.4100036621094,327.6600036621094,327.6600036621094,8625800,-1.2796781617912867,DOWN
2023-03-28,326.05999755859375,333.32000732421875,321.2799987792969,323.5199890136719,323.5199890136719,6489400,2.56302436433814,UP
2023-03-29,326.2900085449219,332.8500061035156,325.7300109863281,332.0299987792969,332.0299987792969,6287300,1.8910835431230844,UP
2023-03-30,340.2699890136719,343.2900085449219,335.29998779296875,338.42999267578125,338.42999267578125,7131500,2.0406443459404233,UP
2023-03-31,340.04998779296875,345.8399963378906,337.20001220703125,345.4800109863281,345.4800109863281,5610200,0.8039473420186516,UP
2023-04-03,341.8299865722656,348.5799865722656,340.3999938964844,348.2799987792969,348.2799987792969,4413700,-0.4412397344763841,DOWN
2023-04-04,348.489990234375,349.79998779296875,343.95001220703125,346.75,346.75,3298100,-1.2852326034876516,DOWN
2023-04-05,345.29998779296875,345.42999267578125,336.25,342.3500061035156,342.3500061035156,4205500,-0.8899948872060026,DOWN
2023-04-06,339.3399963378906,340.4800109863281,332.6300048828125,339.3299865722656,339.3299865722656,4660500,-0.10029686648138636,DOWN
2023-04-10,335.2699890136719,339.8800048828125,333.3599853515625,338.989990234375,338.989990234375,2657900,-0.2306255873580465,DOWN
2023-04-11,343.45001220703125,347.1400146484375,337.6400146484375,338.2099914550781,338.2099914550781,4044800,-2.168985500485787,DOWN
2023-04-12,340.80999755859375,342.79998779296875,330.0400085449219,331.0299987792969,331.0299987792969,3965400,4.379099210028537,UP
2023-04-13,339.989990234375,346.42999267578125,338.75,346.19000244140625,346.19000244140625,7406400,-2.2325244218125206,DOWN
2023-04-14,342.94000244140625,344.8500061035156,336.4100036621094,338.6300048828125,338.6300048828125,5350500,-1.77626942787521,DOWN
2023-04-17,338.0,338.3900146484375,327.5,332.7200012207031,332.7200012207031,6136000,0.29368023688297606,UP
2023-04-18,335.0,337.19000244140625,330.5,333.70001220703125,333.70001220703125,17944500,-3.2743306665397265,DOWN
2023-04-19,324.2099914550781,325.75,316.1000061035156,323.1199951171875,323.1199951171875,22128300,0.6854190700763652,UP
2023-04-20,320.3900146484375,331.42999267578125,318.3299865722656,325.3500061035156,325.3500061035156,9947800,0.8018796251952454,UP
2023-04-21,323.0,328.2900085449219,319.5,327.9800109863281,327.9800109863281,6348000,0.3160835396236461,UP
2023-04-24,330.20001220703125,334.6600036621094,326.75,329.0199890136719,329.0199890136719,5586600,-2.0058910139708175,DOWN
2023-04-25,328.5,328.6600036621094,321.1000061035156,322.54998779296875,322.54998779296875,5426600,-0.4359314722377494,DOWN
2023-04-26,321.3599853515625,325.8999938964844,320.4700012207031,321.1499938964844,321.1499938964844,4623200,1.4423851830581702,UP
2023-04-27,324.29998779296875,327.45001220703125,317.44000244140625,325.8500061035156,325.8500061035156,5618800,1.2366219085377272,UP
2023-04-28,325.239990234375,330.80999755859375,324.0,329.92999267578125,329.92999267578125,4221900,-1.792545244391075,DOWN
2023-05-01,329.44000244140625,331.2300109863281,318.0899963378906,324.1199951171875,324.1199951171875,5341500,-2.0689679032525055,DOWN
2023-05-02,325.0,326.07000732421875,315.6199951171875,317.54998779296875,317.54998779296875,4318600,0.5480739326349959,UP
2023-05-03,317.54998779296875,324.6199951171875,315.8500061035156,319.29998779296875,319.29998779296875,5064100,0.4613788241038086,UP
2023-05-04,319.010009765625,323.6099853515625,317.95001220703125,320.7799987792969,320.7799987792969,3879700,0.613462302150114,UP
2023-05-05,323.6099853515625,324.1499938964844,319.44000244140625,322.760009765625,322.760009765625,3988600,2.5512460093158773,UP
2023-05-08,322.989990234375,332.55999755859375,322.0299987792969,331.2099914550781,331.2099914550781,5488600,0.2800093792805325,UP
2023-05-09,330.6700134277344,336.32000732421875,329.739990234375,332.1400146484375,332.1400146484375,5544900,0.9778780776310336,UP
2023-05-10,335.2099914550781,337.1099853515625,329.510009765625,335.4200134277344,335.4200134277344,4289900,2.709129850715619,UP
2023-05-11,334.9800109863281,345.4700012207031,331.8399963378906,344.760009765625,344.760009765625,8033500,-1.4328150011187368,DOWN
2023-05-12,344.760009765625,348.1700134277344,337.3599853515625,339.8900146484375,339.8900146484375,6079900,-1.1908660054055664,DOWN
2023-05-15,340.6199951171875,341.8999938964844,335.5400085449219,335.8900146484375,335.8900146484375,3653000,-0.6412028909176026,DOWN
2023-05-16,334.0,335.1700134277344,331.9100036621094,333.75,333.75,3332200,1.8266830248166777,UP
2023-05-17,331.760009765625,341.3800048828125,329.6199951171875,339.9599914550781,339.9599914550781,3958800,8.438152486953655,UP
2023-05-18,347.25,375.8699951171875,346.3699951171875,371.2900085449219,371.2900085449219,20925200,-1.6230631243466132,DOWN
2023-05-19,369.8599853515625,369.989990234375,363.80999755859375,365.3599853515625,365.3599853515625,7850900,-0.6473583434943642,DOWN
2023-05-22,365.3599853515625,372.010009765625,362.5,363.010009765625,363.010009765625,5406400,-1.971971045205012,DOWN
2023-05-23,360.239990234375,364.1700134277344,354.30999755859375,355.989990234375,355.989990234375,6866100,2.4283995397897384,UP
2023-05-24,356.92999267578125,367.1499938964844,356.6300048828125,364.8500061035156,364.8500061035156,7973300,-1.6295281625391622,DOWN
2023-05-25,359.6099853515625,367.45001220703125,357.4200134277344,359.0,359.0,6263100,5.247045140046747,UP
2023-05-26,361.1000061035156,383.760009765625,356.0,378.8800048828125,378.8800048828125,9360400,3.5879703062062784,UP
2023-05-30,397.4800109863281,405.1099853515625,385.7900085449219,392.9800109863281,392.9800109863281,10865000,0.5692887527404489,UP
2023-05-31,391.8900146484375,396.260009765625,388.9100036621094,395.2300109863281,395.2300109863281,6988000,1.9596640787829411,UP
2023-06-01,397.4100036621094,407.5199890136719,393.0799865722656,403.1300048828125,403.1300048828125,7160100,-0.6642204544663022,DOWN
2023-06-02,402.8900146484375,406.5799865722656,395.8999938964844,400.4700012207031,400.4700012207031,5897300,0.7607690090726149,UP
2023-06-05,400.4700012207031,413.8599853515625,400.1499938964844,403.5400085449219,403.5400085449219,7247400,-1.0643892682132616,DOWN
2023-06-06,405.0,405.1199951171875,396.92999267578125,399.2900085449219,399.2900085449219,4991500,0.12006415737565446,UP
2023-06-07,410.42999267578125,418.95001220703125,399.2300109863281,399.7699890136719,399.7699890136719,11932400,2.3450683289007346,UP
2023-06-08,399.7699890136719,409.5400085449219,396.3399963378906,409.3699951171875,409.3699951171875,5991100,2.535592156338473,UP
2023-06-09,424.5,425.8999938964844,414.760009765625,420.0199890136719,420.0199890136719,12363000,0.9316725701484341,UP
2023-06-12,418.8299865722656,424.70001220703125,416.57000732421875,423.9700012207031,423.9700012207031,5959500,2.6989212285389197,UP
2023-06-13,430.010009765625,437.2699890136719,428.3999938964844,435.7300109863281,435.7300109863281,7820500,1.1636289379140408,UP
2023-06-14,434.989990234375,447.3299865722656,433.5,440.8599853515625,440.8599853515625,8413100,0.9904111597276222,UP
2023-06-15,444.1000061035156,448.6499938964844,439.5,445.2699890136719,445.2699890136719,7099900,-3.081303320189077,DOWN
2023-06-16,446.1499938964844,447.510009765625,430.8999938964844,431.9599914550781,431.9599914550781,8745500,0.63032451691033,UP
2023-06-20,430.17999267578125,440.0,430.0,434.70001220703125,434.70001220703125,4756000,-2.414889788011232,DOWN
2023-06-21,432.6499938964844,434.54998779296875,422.5400085449219,424.45001220703125,424.45001220703125,5146400,-0.46629453926207987,DOWN
2023-06-22,422.92999267578125,424.7099914550781,418.67999267578125,422.4800109863281,422.4800109863281,4869500,0.3631852429707205,UP
2023-06-23,418.5899963378906,425.82000732421875,417.7300109863281,424.0199890136719,424.0199890136719,8293900,-1.9425846335623609,DOWN
2023-06-26,422.44000244140625,430.9599914550781,414.8999938964844,415.94000244140625,415.94000244140625,4640000,0.2733250617533156,UP
2023-06-27,417.3900146484375,420.8800048828125,411.5,417.0799865722656,417.0799865722656,4818100,2.968548733095222,UP
2023-06-28,423.1000061035156,437.2900085449219,422.8900146484375,429.8399963378906,429.8399963378906,8811300,-0.3736237016631616,DOWN
2023-06-29,434.3299865722656,437.8500061035156,426.1499938964844,428.239990234375,428.239990234375,4932300,2.7809939548188223,UP
2023-06-30,431.1000061035156,444.1199951171875,431.1000061035156,440.489990234375,440.489990234375,7342000,0.215207548427232,UP
2023-07-03,439.760009765625,441.54998779296875,431.6199951171875,441.44000244140625,441.44000244140625,3733200,1.0002223628900797,UP
2023-07-05,444.9100036621094,450.9700012207031,439.6199951171875,445.8999938964844,445.8999938964844,6869500,-1.6087862586612989,DOWN
2023-07-06,440.0,442.79998779296875,430.7200012207031,438.8399963378906,438.8399963378906,4938800,-0.1689089760478435,DOWN
2023-07-07,438.6000061035156,442.3299865722656,435.8399963378906,438.1000061035156,438.1000061035156,4160100,0.8172750042783727,UP
2023-07-10,438.5199890136719,444.4100036621094,436.82000732421875,441.7099914550781,441.7099914550781,4251700,-0.3407464685301287,DOWN
2023-07-11,438.6499938964844,440.79998779296875,431.0400085449219,440.2099914550781,440.2099914550781,4574600,0.8647666802055975,UP
2023-07-12,444.54998779296875,445.4100036621094,437.75,444.04998779296875,444.04998779296875,5731700,1.4054835963445589,UP
2023-07-13,447.0,451.6700134277344,441.17999267578125,450.3800048828125,450.3800048828125,6157500,-1.916680127291115,DOWN
2023-07-14,452.7900085449219,456.4800109863281,439.70001220703125,441.9100036621094,441.9100036621094,7184900,1.8086844465384,UP
2023-07-17,445.57000732421875,456.67999267578125,445.1099853515625,450.04998779296875,450.04998779296875,6891700,5.212721279763799,UP
2023-07-18,451.0,478.1499938964844,448.7799987792969,474.79998779296875,474.79998779296875,13196900,0.584184879565186,UP
2023-07-19,476.8599853515625,485.0,470.0,477.5899963378906,477.5899963378906,20996500,-9.183389345945582,DOWN
2023-07-20,447.0,448.5,432.0,437.4200134277344,437.4200134277344,23989700,-2.3204709772478127,DOWN
2023-07-21,437.3699951171875,438.239990234375,423.19000244140625,427.5,427.5,17303700,0.2030943173201294,UP
2023-07-24,425.0,428.6400146484375,419.19000244140625,428.3699951171875,428.3699951171875,8264400,-0.15664785855371566,DOWN
2023-07-25,427.17999267578125,430.8800048828125,426.1300048828125,427.70001220703125,427.70001220703125,4859800,-1.1900533795868418,DOWN
2023-07-26,424.20001220703125,425.260009765625,415.5899963378906,422.6700134277344,422.6700134277344,6009200,-2.2992956147001697,DOWN
2023-07-27,426.8999938964844,427.5199890136719,411.8800048828125,413.1700134277344,413.1700134277344,6594500,2.9616199416870437,UP
2023-07-28,415.55999755859375,427.4700012207031,413.760009765625,425.7799987792969,425.7799987792969,6424200,3.004761693219815,UP
2023-07-31,426.510009765625,439.1300048828125,426.29998779296875,438.9700012207031,438.9700012207031,6587600,-0.07979711536454381,DOWN
2023-08-01,437.3699951171875,445.25,431.3999938964844,438.6199951171875,438.6199951171875,5711500,-2.07586284774377,DOWN
2023-08-02,435.2300109863281,435.55999755859375,426.55999755859375,429.70001220703125,429.70001220703125,4912200,0.30162129767256074,UP
2023-08-03,427.79998779296875,441.92999267578125,427.19000244140625,431.0,431.0,6243900,0.1390190210914244,UP
2023-08-04,433.05999755859375,436.5,426.2699890136719,431.6000061035156,431.6000061035156,5439700,2.0782292992007623,UP
2023-08-07,436.4599914550781,441.1099853515625,428.9100036621094,440.760009765625,440.760009765625,4781300,-0.5612644401483013,DOWN
2023-08-08,440.3599853515625,443.57000732421875,435.1000061035156,438.29998779296875,438.29998779296875,3767200,-2.1916516741086856,DOWN
2023-08-09,439.739990234375,440.6199951171875,427.5899963378906,428.8999938964844,428.8999938964844,3846600,0.2511784413806395,UP
2023-08-10,431.1199951171875,438.1199951171875,428.69000244140625,429.9800109863281,429.9800109863281,5467600,-1.9731554456101197,DOWN
2023-08-11,428.9800109863281,430.6300048828125,421.3299865722656,421.6600036621094,421.6600036621094,3925200,1.430640781394965,UP
2023-08-14,421.989990234375,428.8500061035156,418.7799987792969,427.7799987792969,427.7799987792969,3966000,-0.9629422833889345,DOWN
2023-08-15,424.4100036621094,429.1199951171875,421.0400085449219,423.70001220703125,423.70001220703125,3368000,-1.9857984733645306,DOWN
2023-08-16,423.7300109863281,424.510009765625,415.25,415.45001220703125,415.45001220703125,3967000,-3.0893330538539043,DOWN
2023-08-17,415.0,415.239990234375,401.5799865722656,403.0,403.0,6031500,0.37821639530165596,UP
2023-08-18,399.3299865722656,406.5199890136719,398.1499938964844,404.5299987792969,404.5299987792969,4309200,0.9209164287475646,UP
2023-08-21,402.2300109863281,409.6099853515625,399.5,408.2900085449219,408.2900085449219,3861600,1.1811130343964416,UP
2023-08-22,409.0,415.739990234375,407.3999938964844,413.1700134277344,413.1700134277344,3603300,3.363343416161557,UP
2023-08-23,418.3999938964844,437.0199890136719,417.7099914550781,427.54998779296875,427.54998779296875,8174700,-5.067209468046352,DOWN
2023-08-24,425.4100036621094,427.5899963378906,406.1700134277344,406.92999267578125,406.92999267578125,5687800,2.187343732475211,UP
2023-08-25,412.0,419.25,407.55999755859375,416.0299987792969,416.0299987792969,5390900,0.48557594391995806,UP
2023-08-28,418.0400085449219,419.8299865722656,413.2699890136719,418.05999755859375,418.05999755859375,2928600,2.774481487180336,UP
2023-08-29,416.0,432.1700134277344,414.5,429.989990234375,429.989990234375,4486700,1.0766841624186396,UP
2023-08-30,430.8500061035156,438.1600036621094,428.3500061035156,434.6700134277344,434.6700134277344,3625400,-0.22828370426883904,DOWN
2023-08-31,431.2300109863281,437.1499938964844,431.2300109863281,433.67999267578125,433.67999267578125,3803000,1.4094780708850285,UP
2023-09-01,437.7300109863281,445.5,435.92999267578125,439.8800048828125,439.8800048828125,4792100,1.9613060391858506,UP
2023-09-05,438.3900146484375,453.45001220703125,438.0,448.67999267578125,448.67999267578125,6155900,-0.6550571711651632,DOWN
2023-09-06,448.6099853515625,451.3900146484375,440.489990234375,445.760009765625,445.760009765625,3862300,-0.5912341541230548,DOWN
2023-09-07,441.1499938964844,444.6000061035156,436.70001220703125,443.1400146484375,443.1400146484375,2922700,-0.07679016821195983,DOWN
2023-09-08,443.55999755859375,446.80999755859375,438.8500061035156,442.79998779296875,442.79998779296875,2697500,0.5748153500079067,UP
2023-09-11,443.07000732421875,449.8900146484375,442.75,445.3599853515625,445.3599853515625,2913800,-2.4546188893761034,DOWN
2023-09-12,442.8500061035156,445.44000244140625,434.1199951171875,434.69000244140625,434.69000244140625,3124000,-5.445859872611458,DOWN
2023-09-13,435.5,438.3999938964844,410.69000244140625,412.239990234375,412.239990234375,11843000,-2.933906036733558,DOWN
2023-09-14,410.3999938964844,411.3900146484375,400.0,400.489990234375,400.489990234375,10709000,-0.8943386333285508,DOWN
2023-09-15,401.0,404.70001220703125,395.0299987792969,396.94000244140625,396.94000244140625,9110700,-0.6440184037093344,DOWN
2023-09-18,395.5,399.4700012207031,392.6000061035156,394.3999938964844,394.3999938964844,4704700,0.4543206095627972,UP
2023-09-19,392.8399963378906,398.2300109863281,390.25,396.20001220703125,396.20001220703125,4076800,-2.5627814462599208,DOWN
2023-09-20,397.04998779296875,397.989990234375,386.1199951171875,386.29998779296875,386.29998779296875,3866600,-0.5596756294791838,DOWN
2023-09-21,386.5,395.8999938964844,383.4200134277344,384.1499938964844,384.1499938964844,5547900,-1.142675644608615,DOWN
2023-09-22,385.0,386.8800048828125,378.3599853515625,379.80999755859375,379.80999755859375,3692800,1.2967750500708752,UP
2023-09-25,382.8999938964844,386.6199951171875,380.80999755859375,384.79998779296875,384.79998779296875,3757300,-1.4634114154169486,DOWN
2023-09-26,382.8800048828125,384.55999755859375,377.3599853515625,379.25,379.25,4089400,-0.4396312609468378,DOWN
2023-09-27,382.3999938964844,384.2200012207031,376.25,377.5899963378906,377.5899963378906,3843500,-0.32681768365443453,DOWN
2023-09-28,375.6000061035156,378.9599914550781,371.1000061035156,376.3599853515625,376.3599853515625,4369900,0.328395320950603,UP
2023-09-29,380.0,382.5799865722656,375.3500061035156,377.6000061035156,377.6000061035156,4198700,0.7177925919946593,UP
2023-10-02,377.4800109863281,384.80999755859375,376.79998779296875,380.3299865722656,380.3299865722656,3102100,-0.9502286854055964,DOWN
2023-10-03,377.1099853515625,394.8999938964844,372.8500061035156,376.75,376.75,8878100,0.03979673624658897,UP
2023-10-04,376.5,380.2200012207031,373.5799865722656,376.8999938964844,376.8999938964844,4303700,-1.156766848534807,DOWN
2023-10-05,378.010009765625,378.6000061035156,367.239990234375,372.5899963378906,372.5899963378906,5034800,2.33808109863598,UP
2023-10-06,368.42999267578125,382.5199890136719,367.7699890136719,381.510009765625,381.510009765625,4773400,1.1504086801335633,UP
2023-10-09,378.04998779296875,387.1700134277344,377.760009765625,385.95001220703125,385.95001220703125,3299800,-3.383157782873303,DOWN
2023-10-10,385.5799865722656,388.70001220703125,372.25,373.32000732421875,373.32000732421875,7288900,-2.019515972003183,DOWN
2023-10-11,372.7799987792969,377.80999755859375,365.3399963378906,365.92999267578125,365.92999267578125,9151400,-1.3095183579448166,DOWN
2023-10-12,366.4800109863281,368.8299865722656,359.04998779296875,361.20001220703125,361.20001220703125,7376100,-1.5519623383150938,DOWN
2023-10-13,355.6400146484375,358.92999267578125,352.04998779296875,355.67999267578125,355.67999267578125,6312600,1.4245370389948664,UP
2023-10-16,356.2099914550781,363.0799865722656,354.7699890136719,360.82000732421875,360.82000732421875,5128900,-1.4337136191426403,DOWN
2023-10-17,361.1000061035156,362.70001220703125,353.8900146484375,355.7200012207031,355.7200012207031,5908400,-2.7528232219559357,DOWN
2023-10-18,351.0,354.7900085449219,344.7300109863281,346.19000244140625,346.19000244140625,11429600,13.833782535303873,UP
2023-10-19,404.739990234375,408.95001220703125,392.260009765625,401.7699890136719,401.7699890136719,28074400,-0.20201455902228993,DOWN
2023-10-20,405.6300048828125,410.6400146484375,398.010009765625,400.9599914550781,400.9599914550781,12768900,1.4452868291565446,UP
2023-10-23,403.32000732421875,407.5400085449219,398.5199890136719,406.8399963378906,406.8399963378906,7390000,1.665340793628134,UP
2023-10-24,409.67999267578125,416.69000244140625,408.3900146484375,413.7300109863281,413.7300109863281,6459200,-0.6030421851253909,DOWN
2023-10-25,416.0199890136719,418.8399963378906,410.1099853515625,411.25,411.25,6299600,-1.9105891093373017,DOWN
2023-10-26,411.4200134277344,417.30999755859375,401.5400085449219,403.5400085449219,403.5400085449219,6849700,-1.425091989172067,DOWN
2023-10-27,406.4200134277344,410.2099914550781,395.6199951171875,397.8699951171875,397.8699951171875,4997600,2.977465824932779,UP
2023-10-30,402.3500061035156,412.82000732421875,399.4100036621094,410.0799865722656,410.0799865722656,5317100,0.39107480375838444,UP
2023-10-31,409.239990234375,412.5199890136719,404.6300048828125,411.69000244140625,411.69000244140625,3877600,2.0228943931585586,UP
2023-11-01,414.7699890136719,420.6000061035156,414.17999267578125,420.19000244140625,420.19000244140625,4806100,1.0642530443388365,UP
2023-11-02,421.1700134277344,426.69000244140625,417.1000061035156,424.7099914550781,424.7099914550781,4476000,1.7693575158820418,UP
2023-11-03,428.760009765625,434.82000732421875,425.5299987792969,432.3599853515625,432.3599853515625,3664800,0.5474547859122381,UP
2023-11-06,434.3800048828125,435.0299987792969,429.6099853515625,434.739990234375,434.739990234375,3003200,-0.0299129995154912,DOWN
2023-11-07,436.17999267578125,437.6400146484375,431.0,434.6099853515625,434.6099853515625,3291100,0.46719536778592197,UP
2023-11-08,435.0,438.07000732421875,433.67999267578125,436.6499938964844,436.6499938964844,2356800,-0.3447087259656145,DOWN
2023-11-09,438.0299987792969,440.3800048828125,434.3500061035156,435.1499938964844,435.1499938964844,2735500,2.7032458192199904,UP
2023-11-10,437.4800109863281,447.4800109863281,435.510009765625,447.239990234375,447.239990234375,4440600,-0.5892661477127081,DOWN
2023-11-13,447.25,448.42999267578125,442.6000061035156,444.6199951171875,444.6199951171875,2896100,0.8982500466113263,UP
2023-11-14,448.7799987792969,454.0799865722656,445.6400146484375,448.6499938964844,448.6499938964844,4060900,2.8769988471841867,UP
2023-11-15,452.80999755859375,462.75,452.45001220703125,461.94000244140625,461.94000244140625,5035300,1.0729220761651281,UP
2023-11-16,463.0,467.2799987792969,459.6499938964844,466.95001220703125,466.95001220703125,3656000,-0.2232209089195969,DOWN
2023-11-17,466.95001220703125,467.6499938964844,462.760009765625,465.9100036621094,465.9100036621094,2798500,1.8041177601472835,UP
2023-11-20,465.3999938964844,476.760009765625,465.3999938964844,474.4700012207031,474.4700012207031,3617600,0.10106558037499269,UP
2023-11-21,472.6300048828125,477.0199890136719,471.2099914550781,474.95001220703125,474.95001220703125,2997700,0.638072760035302,UP
2023-11-22,476.79998779296875,482.70001220703125,476.55999755859375,478.0,478.0,2841600,0.3252976825706022,UP
2023-11-24,477.1099853515625,480.3999938964844,475.20001220703125,479.55999755859375,479.55999755859375,1404700,-0.08138742407306498,DOWN
2023-11-27,479.0299987792969,482.0,475.3500061035156,479.1700134277344,479.1700134277344,3625900,-0.035493408712805596,DOWN
2023-11-28,478.1099853515625,480.5,475.95001220703125,479.0,479.0,2890200,-0.3793033276752178,DOWN
2023-11-29,479.0,480.989990234375,474.489990234375,477.19000244140625,477.19000244140625,2855500,-0.6793681482815561,DOWN
2023-11-30,475.30999755859375,478.5899963378906,470.4200134277344,473.9700012207031,473.9700012207031,4287300,-1.7670827412064272,DOWN
2023-12-01,473.1700134277344,475.2300109863281,464.6000061035156,465.739990234375,465.739990234375,4338100,-2.6085033040539773,DOWN
2023-12-04,460.989990234375,461.20001220703125,451.20001220703125,453.8999938964844,453.8999938964844,5157700,0.274634739484203,UP
2023-12-05,450.70001220703125,456.3900146484375,449.5799865722656,455.1499938964844,455.1499938964844,3380700,-1.8848035061638013,DOWN
2023-12-06,460.0,460.5,445.7300109863281,446.7300109863281,446.7300109863281,4178800,1.1659267729362544,UP
2023-12-07,450.8500061035156,452.8900146484375,448.32000732421875,452.0,452.0,3506700,0.38787238358313214,UP
2023-12-08,450.760009765625,455.5,450.760009765625,453.760009765625,453.760009765625,3456100,1.3329284584486123,UP
2023-12-11,459.3599853515625,470.6499938964844,457.2099914550781,459.8900146484375,459.8900146484375,4929700,0.6717030996895246,UP
2023-12-12,465.2300109863281,465.6099853515625,459.20001220703125,463.0,463.0,3302700,3.537649609915061,UP
2023-12-13,461.9800109863281,481.25,461.9800109863281,479.9800109863281,479.9800109863281,5820200,-2.1603611315050175,DOWN
2023-12-14,480.3599853515625,480.760009765625,464.760009765625,469.8299865722656,469.8299865722656,5176400,0.47239990633846096,UP
2023-12-15,467.29998779296875,473.0,467.29998779296875,472.05999755859375,472.05999755859375,7838300,2.892289496383371,UP
2023-12-18,476.29998779296875,492.0400085449219,475.1000061035156,486.1199951171875,486.1199951171875,6410700,1.797905962185009,UP
2023-12-19,488.3999938964844,496.1400146484375,484.05999755859375,495.0199890136719,495.0199890136719,3849000,-1.175220252440079,DOWN
2023-12-20,492.0,500.8900146484375,488.3900146484375,489.2699890136719,489.2699890136719,4563700,0.47598633217696973,UP
2023-12-21,492.6600036621094,494.3999938964844,486.7699890136719,491.6099853515625,491.6099853515625,2756200,-0.9963792194582322,DOWN
2023-12-22,494.0,496.0199890136719,485.45001220703125,486.760009765625,486.760009765625,2701100,0.9018898295491518,UP
2023-12-26,489.3900146484375,491.4800109863281,486.3800048828125,491.19000244140625,491.19000244140625,2034500,0.12200453305077907,UP
2023-12-27,491.239990234375,494.0199890136719,489.25,491.7900085449219,491.7900085449219,2561300,-0.2609526317125521,DOWN
2023-12-28,492.0,492.8900146484375,489.07000732421875,490.510009765625,490.510009765625,1710500,-0.7455645839648417,DOWN
2023-12-29,490.3699951171875,492.2300109863281,481.94000244140625,486.8800048828125,486.8800048828125,2739500,-3.923160060365527,DOWN
2024-01-02,483.19000244140625,484.6499938964844,461.8599853515625,468.5,468.5,5049400,0.37426311595200046,UP
2024-01-03,467.32000732421875,475.04998779296875,465.7699890136719,470.260009765625,470.260009765625,3443700,0.9290672545888112,UP
2024-01-04,472.9800109863281,480.739990234375,466.5299987792969,474.6700134277344,474.6700134277344,3636500,-0.1286790432186269,DOWN
2024-01-05,476.5,479.54998779296875,471.79998779296875,474.05999755859375,474.05999755859375,2612500,2.261716027526539,UP
2024-01-08,473.8900146484375,485.239990234375,473.6499938964844,485.0299987792969,485.0299987792969,3675800,-0.6098451458730558,DOWN
2024-01-09,475.5299987792969,485.0899963378906,473.79998779296875,482.0899963378906,482.0899963378906,3526800,-0.7860702592721314,DOWN
2024-01-10,481.6000061035156,487.0,472.95001220703125,478.3299865722656,478.3299865722656,4342400,2.823888040920075,UP
2024-01-11,492.5400085449219,503.4100036621094,483.82000732421875,492.2300109863281,492.2300109863281,7993300,-0.014224504977611296,DOWN
2024-01-12,500.510009765625,500.7900085449219,490.6099853515625,492.1600036621094,492.1600036621094,4996600,-2.269140896295019,DOWN
2024-01-16,490.0,494.1499938964844,478.0199890136719,481.239990234375,481.239990234375,4679000,-0.18945385204935938,DOWN
2024-01-17,484.5,486.2099914550781,475.260009765625,480.3299865722656,480.3299865722656,4894600,1.0261505040861763,UP
2024-01-18,480.0299987792969,485.7699890136719,478.0199890136719,485.30999755859375,485.30999755859375,4054400,-0.4886603772464193,DOWN
2024-01-19,484.9800109863281,485.6700134277344,476.05999755859375,482.95001220703125,482.95001220703125,5665600,0.5682360455008584,UP
2024-01-22,487.54998779296875,489.79998779296875,479.8999938964844,485.7099914550781,485.7099914550781,5212300,1.3165669668594226,UP
2024-01-23,492.0,498.9599914550781,481.3999938964844,492.19000244140625,492.19000244140625,15506000,9.668360002912468,UP
2024-01-24,537.75,562.5,537.0700073242188,544.8699951171875,544.8699951171875,26432800,3.0480435734541844,UP
2024-01-25,551.9500122070312,563.4600219726562,548.4600219726562,562.0,562.0,9451900,1.4761023741137858,UP
2024-01-26,561.8099975585938,579.6400146484375,558.4299926757812,570.4199829101562,570.4199829101562,12770600,0.9326308762068303,UP
2024-01-29,571.3499755859375,578.5499877929688,562.6799926757812,575.7899780273438,575.7899780273438,6905400,-2.2990144803569423,DOWN
2024-01-30,567.3200073242188,570.8800048828125,560.8200073242188,562.8499755859375,562.8499755859375,6181800,0.223362429019891,UP
2024-01-31,562.8499755859375,572.1500244140625,562.0399780273438,564.1099853515625,564.1099853515625,4857600,0.5991126774075206,UP
2024-02-01,567.02001953125,572.6599731445312,563.8300170898438,567.510009765625,567.510009765625,3174000,-0.5082875890357164,DOWN
2024-02-02,564.52001953125,567.7999877929688,562.3699951171875,564.6400146484375,564.6400146484375,4030800,-0.4590287693574613,DOWN
2024-02-05,562.469970703125,575.75,557.2000122070312,562.0599975585938,562.0599975585938,4143100,-1.1117494102138359,DOWN
2024-02-06,564.1199951171875,566.3400268554688,554.3699951171875,555.8800048828125,555.8800048828125,2840300,0.6114755917753012,UP
2024-02-07,558.1599731445312,567.7999877929688,554.97998046875,559.2999877929688,559.2999877929688,4373600,-0.13785444930562996,DOWN
2024-02-08,560.5499877929688,563.7000122070312,555.739990234375,558.530029296875,558.530029296875,3175500,0.4970387641522689,UP
2024-02-09,565.0,566.0,558.0999755859375,561.3200073242188,561.3200073242188,3055700,-0.6220367285373563,DOWN
2024-02-12,560.3599853515625,568.4400024414062,557.0,557.8499755859375,557.8499755859375,3608500,-0.6005114220226648,DOWN
2024-02-13,550.7999877929688,559.2000122070312,549.0,554.52001953125,554.52001953125,3511500,4.282532723441834,UP
2024-02-14,567.260009765625,581.25,564.3400268554688,579.3300170898438,579.3300170898438,5634200,2.3809531155686736,UP
2024-02-15,581.9099731445312,593.77001953125,580.3200073242188,593.4600219726562,593.4600219726562,5220900,-1.6285657276865262,DOWN
2024-02-16,596.9500122070312,597.0,577.4600219726562,583.9500122070312,583.9500122070312,4323600,-1.5335675846047891,DOWN
2024-02-20,580.1799926757812,586.0,569.6599731445312,575.1300048828125,575.1300048828125,3124200,-0.3104612143840946,DOWN
2024-02-21,573.510009765625,575.780029296875,567.3200073242188,573.3499755859375,573.3499755859375,2281100,2.569374117615819,UP
2024-02-22,582.75,590.8499755859375,578.8900146484375,588.469970703125,588.469970703125,3526600,-0.8413827481446257,DOWN
2024-02-23,586.4000244140625,592.4299926757812,579.8200073242188,583.5599975585938,583.5599975585938,2568900,0.6959970536114302,UP
2024-02-26,583.5599975585938,590.75,583.27001953125,587.6500244140625,587.6500244140625,2393700,2.3301741642955176,UP
2024-02-27,595.0,605.3599853515625,592.3300170898438,601.6699829101562,601.6699829101562,4489400,-0.8701050515270703,DOWN
2024-02-28,595.7899780273438,598.1699829101562,590.010009765625,596.47998046875,596.47998046875,2605200,1.068135511170465,UP
2024-02-29,604.25,604.52001953125,595.1599731445312,602.9199829101562,602.9199829101562,3572100,2.6512163324371008,UP
2024-03-01,599.8099975585938,620.280029296875,599.5,619.3400268554688,619.3400268554688,4264200,-0.5699640595974609,DOWN
2024-03-04,621.5599975585938,624.4199829101562,615.0800170898438,615.8300170898438,615.8300170898438,3020300,-2.895575119439231,DOWN
2024-03-05,610.0999755859375,610.9099731445312,592.0,598.5,598.5,3849600,-0.13552134974403884,DOWN
2024-03-06,602.989990234375,607.9299926757812,593.5599975585938,597.6900024414062,597.6900024414062,2469600,1.7781149283618514,UP
2024-03-07,599.3400268554688,610.530029296875,595.9000244140625,608.510009765625,608.510009765625,2742800,-0.6100992686619566,DOWN
2024-03-08,608.27001953125,616.0900268554688,600.8400268554688,604.8200073242188,604.8200073242188,2774600,-0.6473324173946304,DOWN
2024-03-11,608.0800170898438,611.0,600.3699951171875,600.9299926757812,600.9299926757812,2500900,1.660997599365155,UP
2024-03-12,600.2100219726562,615.2999877929688,596.27001953125,611.0800170898438,611.0800170898438,2821600,-0.267455057865984,DOWN
2024-03-13,613.3699951171875,614.8499755859375,607.2100219726562,609.4500122070312,609.4500122070312,2192100,0.5807405265625065,UP
2024-03-14,615.0,620.7999877929688,607.3499755859375,613.010009765625,613.010009765625,3120500,-1.1768014830249474,DOWN
2024-03-15,622.9199829101562,622.9199829101562,603.8200073242188,605.8800048828125,605.8800048828125,6670900,2.0229967284864925,UP
2024-03-18,613.5599975585938,627.4099731445312,610.4500122070312,618.3900146484375,618.3900146484375,3344200,0.37857647693202434,UP
2024-03-19,615.6199951171875,621.280029296875,608.0,620.739990234375,620.739990234375,2142600,1.1072364033199666,UP
2024-03-20,619.9500122070312,629.510009765625,618.3400268554688,627.6900024414062,627.6900024414062,2639500,-0.7997270467840156,DOWN
2024-03-21,630.6500244140625,634.3599853515625,622.3300170898438,622.7100219726562,622.7100219726562,2507700,0.8439336492338301,UP
